id,Background Category,Description,Reference Image
1,High-Frequency Texture,A dense tropical rainforest floor with ferns.,001_high_frequency_texture.png
2,High-Frequency Texture,Scattered red and yellow maple leaves on grass.,002_high_frequency_texture.png
3,High-Frequency Texture,A pile of fresh colorful fruits at a market.,003_high_frequency_texture.png
4,High-Frequency Texture,Underwater coral reef with schools of fish.,004_high_frequency_texture.png
5,High-Frequency Texture,A field of blooming colorful wildflowers.,005_high_frequency_texture.png
6,High-Frequency Texture,Rough riverbed covered with jagged rocks.,006_high_frequency_texture.png
7,High-Frequency Texture,Old brick wall covered in graffiti.,007_high_frequency_texture.png
8,High-Frequency Texture,Raindrops splashing on a wet city street.,008_high_frequency_texture.png
9,High-Frequency Texture,A pile of rusty mechanical gears.,009_high_frequency_texture.png
10,High-Frequency Texture,Scattered wheat stalks on a harvested field.,010_high_frequency_texture.png
11,High-Frequency Texture,Fireworks exploding in the night sky.,011_high_frequency_texture.png
12,High-Frequency Texture,A bowl of ramen with chopped green onions.,012_high_frequency_texture.png
13,High-Frequency Texture,Old stone wall covered in climbing ivy.,013_high_frequency_texture.png
14,High-Frequency Texture,Turbulent ocean waves with white foam.,014_high_frequency_texture.png
15,High-Frequency Texture,Green plant cells under a microscope.,015_high_frequency_texture.png
16,High-Frequency Texture,A pile of colorful LEGO bricks.,016_high_frequency_texture.png
17,High-Frequency Texture,Pine forest in a heavy snowstorm.,017_high_frequency_texture.png
18,High-Frequency Texture,A close-up pile of dark coffee beans.,018_high_frequency_texture.png
19,High-Frequency Texture,A crowded music festival audience.,019_high_frequency_texture.png
20,High-Frequency Texture,Messy stacks of old books and papers.,020_high_frequency_texture.png
21,High-Frequency Texture,Dry cracked earth texture.,021_high_frequency_texture.png
22,High-Frequency Texture,Aerial view of sheep on a grassland.,022_high_frequency_texture.png
23,High-Frequency Texture,Shattered colorful glass shards.,023_high_frequency_texture.png
24,High-Frequency Texture,Old TV static noise screen.,024_high_frequency_texture.png
25,High-Frequency Texture,Intricate Persian carpet pattern.,025_high_frequency_texture.png
26,High-Frequency Texture,Raging fire flames and sparks.,026_high_frequency_texture.png
27,High-Frequency Texture,Fluffy dandelion seeds close-up.,027_high_frequency_texture.png
28,High-Frequency Texture,Tangled colorful yarn balls.,028_high_frequency_texture.png
29,High-Frequency Texture,Peeling paint on an old wooden wall.,029_high_frequency_texture.png
30,High-Frequency Texture,Spider web with water droplets.,030_high_frequency_texture.png
31,High-Frequency Texture,Dense starry sky with the Milky Way.,031_high_frequency_texture.png
32,High-Frequency Texture,A pile of gold coins and jewelry.,032_high_frequency_texture.png
33,Structured Texture,Glass facade of a modern skyscraper.,033_structured_texture.png
34,Structured Texture,Straight highway stretching to the horizon.,034_structured_texture.png
35,Structured Texture,Library shelves filled with books.,035_structured_texture.png
36,Structured Texture,Electronic circuit board with golden traces.,036_structured_texture.png
37,Structured Texture,Striped shadows from window blinds.,037_structured_texture.png
38,Structured Texture,Vertical bamboo forest stalks.,038_structured_texture.png
39,Structured Texture,Warehouse shelves with stacked boxes.,039_structured_texture.png
40,Structured Texture,Vertical columns inside a Gothic cathedral.,040_structured_texture.png
41,Structured Texture,Checkerboard marble floor pattern.,041_structured_texture.png
42,Structured Texture,Steel cables of a suspension bridge.,042_structured_texture.png
43,Structured Texture,Arrays of solar panels.,043_structured_texture.png
44,Structured Texture,Round keys of a vintage typewriter.,044_structured_texture.png
45,Structured Texture,Aerial view of a city grid.,045_structured_texture.png
46,Structured Texture,Japanese Tatami room with Shoji doors.,046_structured_texture.png
47,Structured Texture,Server racks in a data center.,047_structured_texture.png
48,Structured Texture,Brick sidewalk with herringbone pattern.,048_structured_texture.png
49,Structured Texture,Construction scaffolding grid.,049_structured_texture.png
50,Structured Texture,Metal pipes of a church organ.,050_structured_texture.png
51,Structured Texture,Top-down view of a spiral staircase.,051_structured_texture.png
52,Structured Texture,Industrial pipelines in a factory.,052_structured_texture.png
53,Structured Texture,Chain-link fence texture.,053_structured_texture.png
54,Structured Texture,Traditional tiled roof rows.,054_structured_texture.png
55,Structured Texture,Geometric glass dome structure.,055_structured_texture.png
56,Structured Texture,Rows of purple lavender fields.,056_structured_texture.png
57,Structured Texture,Supermarket shelves with products.,057_structured_texture.png
58,Structured Texture,Black and white crosswalk stripes.,058_structured_texture.png
59,Structured Texture,Rows of stadium seats.,059_structured_texture.png
60,Structured Texture,Woven wicker basket texture.,060_structured_texture.png
61,Structured Texture,Parallel lines of a radiator grille.,061_structured_texture.png
62,Structured Texture,Stacked newspapers side view.,062_structured_texture.png
63,Structured Texture,Metal steps of an escalator.,063_structured_texture.png
64,Structured Texture,Hexagonal honeycomb cells.,064_structured_texture.png
65,Directional Texture,Van Gogh style Starry Night painting.,065_directional_texture.png
66,Directional Texture,Traditional Chinese ink wash mountains.,066_directional_texture.png
67,Directional Texture,Cyberpunk street with neon rain.,067_directional_texture.png
68,Directional Texture,Colorful abstract watercolor painting.,068_directional_texture.png
69,Directional Texture,Colorful ink smoke in water.,069_directional_texture.png
70,Directional Texture,Impasto oil painting of ocean waves.,070_directional_texture.png
71,Directional Texture,Detailed pencil sketch of a clock.,071_directional_texture.png
72,Directional Texture,Ukiyo-e style Great Wave.,072_directional_texture.png
73,Directional Texture,Fluid marble texture with gold veins.,073_directional_texture.png
74,Directional Texture,Coffee latte art foam pattern.,074_directional_texture.png
75,Directional Texture,Green aurora lights in the sky.,075_directional_texture.png
76,Directional Texture,Lava lamp wax bubbles.,076_directional_texture.png
77,Directional Texture,Reflection in a shattered mirror.,077_directional_texture.png
78,Directional Texture,Low poly 3D landscape.,078_directional_texture.png
79,Directional Texture,Colorful stained glass light spots.,079_directional_texture.png
80,Directional Texture,Silk fabric blowing in wind.,080_directional_texture.png
81,Directional Texture,Abstract fractal geometric pattern.,081_directional_texture.png
82,Directional Texture,Thermal camera view of a city.,082_directional_texture.png
83,Directional Texture,Vaporwave sunset with grid.,083_directional_texture.png
84,Directional Texture,Rough charcoal portrait sketch.,084_directional_texture.png
85,Directional Texture,Psychedelic kaleidoscope pattern.,085_directional_texture.png
86,Directional Texture,Flowing liquid metal surface.,086_directional_texture.png
87,Directional Texture,8-bit pixel art landscape.,087_directional_texture.png
88,Directional Texture,Impressionist sunrise painting.,088_directional_texture.png
89,Directional Texture,Long exposure traffic light trails.,089_directional_texture.png
90,Directional Texture,Melted flowing crayon colors.,090_directional_texture.png
91,Directional Texture,Cyanotype blue plant print.,091_directional_texture.png
92,Directional Texture,Digital glitch art texture.,092_directional_texture.png
93,Directional Texture,Sand art flowing lines.,093_directional_texture.png
94,Directional Texture,Alcohol ink fluid art.,094_directional_texture.png
95,Directional Texture,Black and white manga speed lines.,095_directional_texture.png
96,Directional Texture,Colorful nebula gas clouds.,096_directional_texture.png
97,Low-Frequency Smooth Texture,Smooth abstract beige curves with soft shadows.,097_low_frequency_smooth_texture.png
98,Low-Frequency Smooth Texture,Pristine white snowfield with gentle slopes.,098_low_frequency_smooth_texture.png
99,Low-Frequency Smooth Texture,Calm lake with subtle water ripples.,099_low_frequency_smooth_texture.png
100,Low-Frequency Smooth Texture,Blue sky with soft shapeless clouds.,100_low_frequency_smooth_texture.png
101,Low-Frequency Smooth Texture,Soft diffuse shadows on a curved white wall.,101_low_frequency_smooth_texture.png
102,Low-Frequency Smooth Texture,Foggy lake with varying mist density.,102_low_frequency_smooth_texture.png
103,Low-Frequency Smooth Texture,Softly curved white paper sheet.,103_low_frequency_smooth_texture.png
104,Low-Frequency Smooth Texture,Black smooth silk fabric with flowing folds.,104_low_frequency_smooth_texture.png
105,Low-Frequency Smooth Texture,Infinity pool with gentle water movement.,105_low_frequency_smooth_texture.png
106,Low-Frequency Smooth Texture,Pink and orange sunset gradient sky.,106_low_frequency_smooth_texture.png
107,Low-Frequency Smooth Texture,Swirling dense gray fog.,107_low_frequency_smooth_texture.png
108,Low-Frequency Smooth Texture,Smooth concrete wall with soft spotlight.,108_low_frequency_smooth_texture.png
109,Low-Frequency Smooth Texture,A large pool of white milk with gentle waves.,109_low_frequency_smooth_texture.png
110,Low-Frequency Smooth Texture,Snow-covered smooth rolling roof.,110_low_frequency_smooth_texture.png
111,Low-Frequency Smooth Texture,Smooth ceramic surface with soft diffuse light reflections.,111_low_frequency_smooth_texture.png
112,Low-Frequency Smooth Texture,Undulating smooth matte clay surface.,112_low_frequency_smooth_texture.png
113,Low-Frequency Smooth Texture,Polished concrete floor with blurred reflections.,113_low_frequency_smooth_texture.png
114,Low-Frequency Smooth Texture,White plaster sphere with soft shading.,114_low_frequency_smooth_texture.png
115,Low-Frequency Smooth Texture,Abstract green bokeh background.,115_low_frequency_smooth_texture.png
116,Low-Frequency Smooth Texture,Soft melting candle wax flow.,116_low_frequency_smooth_texture.png
117,Low-Frequency Smooth Texture,Curved white concrete architecture.,117_low_frequency_smooth_texture.png
118,Low-Frequency Smooth Texture,Soft beige matte silk fabric folds with gentle gradients.,118_low_frequency_smooth_texture.png
119,Low-Frequency Smooth Texture,Smooth rolling hills covered in snow.,119_low_frequency_smooth_texture.png
120,Low-Frequency Smooth Texture,Soft white duvet with gentle flowing undulations.,120_low_frequency_smooth_texture.png
121,Low-Frequency Smooth Texture,Soft hazy smoke rising and swirling in dark background.,121_low_frequency_smooth_texture.png
122,Low-Frequency Smooth Texture,Surface of melted chocolate with swirls.,122_low_frequency_smooth_texture.png
123,Low-Frequency Smooth Texture,Blurred view through frosted glass.,123_low_frequency_smooth_texture.png
124,Low-Frequency Smooth Texture,Thick flowing honey texture backlit with soft glow.,124_low_frequency_smooth_texture.png
125,Low-Frequency Smooth Texture,Solar eclipse corona soft glow.,125_low_frequency_smooth_texture.png
126,Low-Frequency Smooth Texture,Dense white morning fog banks.,126_low_frequency_smooth_texture.png
127,Low-Frequency Smooth Texture,Wavy smooth matte silicone surface.,127_low_frequency_smooth_texture.png
128,Low-Frequency Smooth Texture,Blurred city lights bokeh.,128_low_frequency_smooth_texture.png